real day of shipping,scheduled days of shipment,Delivery Status,Latitude,Longitude,Order Id, adj shipping date (order),Shipping Mode,Shipping Delay Description,shipping id
3,4,advance shipping,34.02827454,-118.2391357,22297,3/7/2025,Standard Class,1 day(s) early,1
3,4,shipping canceled,18.35900879,-66.07815552,52772,2/12/2017,Standard Class,1 day(s) early,2
2,2,shipping on time,18.22754669,-66.04360199,34631,3/7/2025,Second Class,On Time,3
4,4,shipping on time,33.81022644,-84.41808319,29283,3/7/2016,Standard Class,On Time,4
3,4,shipping canceled,39.28849411,-84.3551178,33607,5/8/2016,Standard Class,1 day(s) early,5
6,4,shipping canceled,33.79024124,-118.2131653,41590,9/5/2016,Standard Class,2 day(s) late,6
4,4,shipping on time,18.22758102,-66.04357147,57598,3/7/2025,Standard Class,On Time,7
2,4,advance shipping,18.24755478,-66.02526856,59226,3/7/2025,Standard Class,2 day(s) early,8
3,4,advance shipping,38.15983963,-85.59026337,47647,3/7/2025,Standard Class,1 day(s) early,9
2,4,advance shipping,36.72526169,-119.7846375,23456,12/11/2015,Standard Class,2 day(s) early,10
2,4,shipping canceled,21.45325851,-158.0102234,1991,2/1/2015,Standard Class,2 day(s) early,11
2,4,advance shipping,40.80119324,-74.48561096,41896,9/5/2016,Standard Class,2 day(s) early,12
2,4,advance shipping,33.10355759,-117.2678757,62086,3/7/2025,Standard Class,2 day(s) early,13
5,4,shipping canceled,41.4828682,-81.77826691,65439,3/7/2025,Standard Class,1 day(s) late,14
2,4,advance shipping,39.6300354,-78.74319458,41786,9/3/2016,Standard Class,2 day(s) early,15
5,4,shipping canceled,18.2241478,-66.0471344,56244,4/6/2017,Standard Class,1 day(s) late,16
2,4,advance shipping,40.60349274,-75.472435,64066,3/7/2025,Standard Class,2 day(s) early,17
4,4,shipping canceled,37.66708756,-120.9958801,66958,9/8/2017,Standard Class,On Time,18
2,4,shipping canceled,39.79661942,-75.47006989,41901,9/5/2016,Standard Class,2 day(s) early,19
2,2,shipping on time,18.35419464,-66.07129669,10831,6/10/2015,Second Class,On Time,20
3,4,advance shipping,45.59825897,-12.27242851,30097,3/7/2025,Standard Class,1 day(s) early,21
2,4,advance shipping,29.54194069,-95.60385132,21691,3/7/2025,Standard Class,2 day(s) early,22
2,4,advance shipping,40.20003891,-77.24391937,11391,3/7/2025,Standard Class,2 day(s) early,23
3,4,advance shipping,43.56052399,-116.3960342,63907,3/7/2025,Standard Class,1 day(s) early,24
2,4,advance shipping,40.72789002,-74.01309967,63576,3/7/2025,Standard Class,2 day(s) early,25
2,4,advance shipping,34.1971817,-118.4865265,9681,3/7/2025,Standard Class,2 day(s) early,26
2,4,advance shipping,44.07210541,-12.13232708,28036,3/7/2025,Standard Class,2 day(s) early,27
2,2,shipping on time,18.2275734,-66.0435791,11936,3/7/2025,Second Class,On Time,28
2,4,advance shipping,33.99020767,-117.9262314,50466,1/8/2017,Standard Class,2 day(s) early,29
2,4,advance shipping,32.77589798,-96.68588257,17386,3/7/2025,Standard Class,2 day(s) early,30
3,4,advance shipping,39.522995,-104.9482193,27647,2/11/2016,Standard Class,1 day(s) early,31
2,2,shipping on time,18.27879143,-66.37057495,13736,3/7/2025,Second Class,On Time,32
3,4,advance shipping,40.64674377,-73.94338989,29862,3/7/2025,Standard Class,1 day(s) early,33
3,4,advance shipping,34.19039154,-119.177803,24992,1/3/2016,Standard Class,1 day(s) early,34
2,4,shipping canceled,42.20660782,-83.1534729,10116,3/7/2025,Standard Class,2 day(s) early,35
2,4,advance shipping,25.82507515,-80.19588471,30851,3/7/2025,Standard Class,2 day(s) early,36
3,4,shipping canceled,41.63562393,-70.93080139,44452,3/7/2025,Standard Class,1 day(s) early,37
4,4,shipping on time,33.86329651,-117.9716263,11378,3/7/2025,Standard Class,On Time,38
3,4,advance shipping,34.27391052,-118.7662125,30172,3/7/2025,Standard Class,1 day(s) early,39
2,4,advance shipping,18.2362442,-66.37062073,8221,5/2/2015,Standard Class,2 day(s) early,40
3,4,advance shipping,18.23619652,-66.37049866,28657,3/7/2025,Standard Class,1 day(s) early,41
3,4,advance shipping,42.34568787,-83.52059174,15462,3/7/2025,Standard Class,1 day(s) early,42
3,4,advance shipping,29.89742088,-90.10965729,23967,3/7/2025,Standard Class,1 day(s) early,43
2,4,advance shipping,41.89517212,-87.73634338,61596,3/7/2025,Standard Class,2 day(s) early,44
2,4,advance shipping,33.74279404,-117.8847504,42626,3/7/2025,Standard Class,2 day(s) early,45
2,4,advance shipping,18.27340317,-66.37052155,52166,2/2/2017,Standard Class,2 day(s) early,46
2,2,shipping on time,18.2248497,-66.37051392,44771,3/7/2025,Second Class,On Time,47
4,4,shipping on time,32.75856018,-117.0881882,16378,9/1/2015,Standard Class,On Time,48
5,4,shipping canceled,40.65486527,-73.58707428,33824,3/7/2025,Standard Class,1 day(s) late,49
4,4,shipping on time,40.58441544,-74.15991974,45138,3/7/2025,Standard Class,On Time,50
2,4,advance shipping,42.60966873,-83.16378784,17211,9/11/2015,Standard Class,2 day(s) early,51
3,4,advance shipping,34.10591126,-118.1196442,15202,3/7/2025,Standard Class,1 day(s) early,52
5,4,shipping canceled,38.74266434,-76.9917984,31364,4/7/2016,Standard Class,1 day(s) late,53
4,4,shipping on time,42.15800095,-84.4278183,20918,11/6/2015,Standard Class,On Time,54
2,4,advance shipping,44.95698166,-93.06536865,52601,2/8/2017,Standard Class,2 day(s) early,55
4,4,shipping on time,40.86353684,-73.87049866,47343,3/7/2025,Standard Class,On Time,56
2,4,advance shipping,40.7018013,-83.07437134,23706,3/7/2025,Standard Class,2 day(s) early,57
4,4,shipping on time,39.62960815,-104.9947433,30713,3/7/2025,Standard Class,On Time,58
3,4,advance shipping,39.04636002,-76.98272705,23807,3/7/2025,Standard Class,1 day(s) early,59
4,4,shipping on time,42.42877197,-82.98252869,30963,3/7/2025,Standard Class,On Time,60
4,4,shipping on time,40.59949493,-73.76248169,25433,1/11/2016,Standard Class,On Time,61
4,4,shipping on time,25.74022484,-80.36169434,45863,11/4/2016,Standard Class,On Time,62
4,4,shipping on time,41.36125946,-82.11012268,16093,3/7/2025,Standard Class,On Time,63
3,4,advance shipping,33.08282852,-82.9998703,4487,3/10/2015,Standard Class,1 day(s) early,64
4,4,shipping canceled,44.72552109,-93.20613098,53568,3/7/2025,Standard Class,On Time,65
2,2,shipping on time,18.26673508,-66.37054443,14551,8/3/2015,Second Class,On Time,66
3,4,advance shipping,44.72552109,-93.20613098,42882,3/7/2025,Standard Class,1 day(s) early,67
5,4,shipping canceled,36.08757019,-79.88663483,66959,9/9/2017,Standard Class,1 day(s) late,68
4,4,shipping on time,18.24120712,-66.37050629,60673,6/8/2017,Standard Class,On Time,69
2,4,advance shipping,42.00220108,-71.51410675,44981,3/7/2025,Standard Class,2 day(s) early,70
4,4,shipping on time,39.74543381,-104.8753815,48468,12/12/2016,Standard Class,On Time,71
4,4,shipping on time,42.5804596,-83.15601349,19168,10/11/2015,Standard Class,On Time,72
2,4,advance shipping,32.73230743,-97.47290802,7411,3/7/2025,Standard Class,2 day(s) early,73
3,4,advance shipping,18.2725296,-66.37059784,44617,3/7/2025,Standard Class,1 day(s) early,74
2,2,shipping on time,18.28177071,-66.3705368,22076,3/7/2025,Second Class,On Time,75
2,4,advance shipping,37.3288765,-121.8501511,17726,3/7/2025,Standard Class,2 day(s) early,76
2,2,shipping on time,18.2270546,-66.3705368,65011,8/8/2017,Second Class,On Time,77
2,4,advance shipping,18.20957184,-66.37057495,8906,5/12/2015,Standard Class,2 day(s) early,78
2,4,advance shipping,26.140728,-97.66805267,23751,3/7/2025,Standard Class,2 day(s) early,79
4,4,shipping on time,27.96565437,-82.25280762,56618,4/10/2017,Standard Class,On Time,80
4,4,shipping on time,29.77441025,-95.74694824,19528,3/7/2025,Standard Class,On Time,81
4,4,shipping on time,37.34306717,-121.9839325,41608,9/3/2016,Standard Class,On Time,82
3,4,shipping canceled,18.21200752,-66.37059021,6522,4/9/2015,Standard Class,1 day(s) early,83
2,2,shipping on time,18.20116615,-66.37051392,31296,4/3/2016,Second Class,On Time,84
4,4,shipping on time,42.03330612,-88.29245758,11083,3/7/2025,Standard Class,On Time,85
4,4,shipping on time,38.54666138,-121.7412109,11968,3/7/2025,Standard Class,On Time,86
4,4,shipping on time,18.20149422,-66.37060547,57128,3/7/2025,Standard Class,On Time,87
3,4,shipping canceled,43.20556259,-123.3465195,18237,3/7/2025,Standard Class,1 day(s) early,88
3,4,advance shipping,34.5802269,-118.0599518,44442,3/7/2025,Standard Class,1 day(s) early,89
6,4,shipping canceled,25.74613953,-80.39176178,47840,12/5/2016,Standard Class,2 day(s) late,90
3,4,advance shipping,18.29137993,-66.3705368,56172,4/2/2017,Standard Class,1 day(s) early,91
2,4,advance shipping,33.85414505,-118.191597,51396,3/7/2025,Standard Class,2 day(s) early,92
6,4,shipping canceled,35.36254501,-119.0186996,40495,3/7/2025,Standard Class,2 day(s) late,93
6,4,shipping canceled,29.83435631,-95.33792877,49075,3/7/2025,Standard Class,2 day(s) late,94
6,4,shipping canceled,18.2133503,-66.37057495,3625,3/7/2025,Standard Class,2 day(s) late,95
2,4,shipping canceled,40.13446808,-87.610672,2911,3/7/2025,Standard Class,2 day(s) early,96
2,4,advance shipping,42.0063591,-87.66739655,67566,3/7/2025,Standard Class,2 day(s) early,97
2,2,shipping on time,18.20765305,-66.37055969,15421,3/7/2025,Second Class,On Time,98
4,4,shipping on time,37.05174255,-76.40163422,45668,11/1/2016,Standard Class,On Time,99
3,4,advance shipping,32.66745758,-117.0288773,30997,3/7/2025,Standard Class,1 day(s) early,100
3,4,advance shipping,33.97114563,-117.9650879,62817,7/8/2017,Standard Class,1 day(s) early,101
5,4,shipping canceled,39.27495956,-76.61506653,46864,3/7/2025,Standard Class,1 day(s) late,102
6,4,shipping canceled,37.37883377,-121.8303375,63220,3/7/2025,Standard Class,2 day(s) late,103
2,4,advance shipping,40.67998123,-73.4734726,44816,3/7/2025,Standard Class,2 day(s) early,104
2,4,advance shipping,32.6425972,-97.02174377,21016,11/5/2015,Standard Class,2 day(s) early,105
2,4,advance shipping,38.90581513,-104.7751541,49806,3/7/2025,Standard Class,2 day(s) early,106
2,4,advance shipping,18.27076912,-66.37062836,29731,3/11/2016,Standard Class,2 day(s) early,107
3,4,advance shipping,43.02910233,-78.87342072,64677,8/5/2017,Standard Class,1 day(s) early,108
6,4,shipping canceled,40.09635925,-74.21524048,37845,7/12/2016,Standard Class,2 day(s) late,109
3,4,advance shipping,37.32554245,-121.7993469,11822,3/7/2025,Standard Class,1 day(s) early,110
3,4,advance shipping,37.49027634,-121.9271088,24552,3/7/2025,Standard Class,1 day(s) early,111
3,4,advance shipping,39.45571137,-77.96917725,49857,3/7/2025,Standard Class,1 day(s) early,112
2,2,shipping on time,18.23466301,-66.37059784,36146,3/7/2025,Second Class,On Time,113
2,4,shipping canceled,18.28710365,-66.37055206,6176,4/3/2015,Standard Class,2 day(s) early,114
2,4,advance shipping,38.01199341,-122.1196899,64531,8/1/2017,Standard Class,2 day(s) early,115
4,4,shipping on time,40.35742188,-74.64842224,46308,11/10/2016,Standard Class,On Time,116
3,4,advance shipping,18.20664215,-66.37052918,10007,3/7/2025,Standard Class,1 day(s) early,117
4,4,shipping canceled,41.63562393,-70.93080139,48193,12/8/2016,Standard Class,On Time,118
3,4,advance shipping,40.74032211,-73.30113983,60317,6/2/2017,Standard Class,1 day(s) early,119
2,4,shipping canceled,34.20339966,-118.6059036,39271,3/7/2025,Standard Class,2 day(s) early,120
2,4,advance shipping,33.04647064,-117.2896729,15231,3/7/2025,Standard Class,2 day(s) early,121
3,4,advance shipping,34.04991913,-117.7161026,41827,9/5/2016,Standard Class,1 day(s) early,122
4,4,shipping on time,25.93001556,-80.16291046,41893,9/7/2016,Standard Class,On Time,123
2,4,advance shipping,28.08681297,-82.43898773,48901,3/7/2025,Standard Class,2 day(s) early,124
3,4,advance shipping,39.95473099,-75.20536804,42087,9/9/2016,Standard Class,1 day(s) early,125
3,4,shipping canceled,39.1836586,-77.26545715,32617,3/7/2025,Standard Class,1 day(s) early,126
3,4,advance shipping,40.79833603,-74.19944,27007,2/2/2016,Standard Class,1 day(s) early,127
4,4,shipping on time,33.32296753,-111.8416901,19973,3/7/2025,Standard Class,On Time,128
2,4,advance shipping,37.67061997,-122.4532928,42271,9/11/2016,Standard Class,2 day(s) early,129
3,4,advance shipping,33.98764038,-118.2705536,10502,6/6/2015,Standard Class,1 day(s) early,130
3,4,advance shipping,33.30039215,-111.8709564,15787,3/7/2025,Standard Class,1 day(s) early,131
2,4,advance shipping,39.33096314,-82.97971344,29871,3/7/2025,Standard Class,2 day(s) early,132
3,4,advance shipping,17.98249054,-66.1126709,57242,3/7/2025,Standard Class,1 day(s) early,133
3,4,advance shipping,40.64059448,-73.97518921,59742,3/7/2025,Standard Class,1 day(s) early,134
4,4,shipping on time,42.23906326,-71.00604248,49598,3/7/2025,Standard Class,On Time,135
4,4,shipping on time,37.16918945,-76.54801178,24853,1/2/2016,Standard Class,On Time,136
3,4,advance shipping,33.21295548,-117.2749176,43257,3/7/2025,Standard Class,1 day(s) early,137
3,4,advance shipping,40.56959915,-89.64508057,48042,12/5/2016,Standard Class,1 day(s) early,138
3,4,advance shipping,39.3985405,-84.55661774,56217,4/3/2017,Standard Class,1 day(s) early,139
4,4,shipping on time,18.20330429,-66.37052155,6358,4/7/2015,Standard Class,On Time,140
2,4,advance shipping,33.58987427,-112.1163712,64451,3/7/2025,Standard Class,2 day(s) early,141
2,2,shipping on time,18.20086861,-66.37054443,55511,3/7/2025,Second Class,On Time,142
2,4,shipping canceled,18.27620125,-66.3706131,52321,2/4/2017,Standard Class,2 day(s) early,143
4,4,shipping canceled,18.46923065,-66.727211,58298,5/5/2017,Standard Class,On Time,144
2,4,advance shipping,42.42012024,-79.31320953,44496,3/7/2025,Standard Class,2 day(s) early,145
4,4,shipping on time,34.13932037,-117.9074402,48608,3/7/2025,Standard Class,On Time,146
3,4,advance shipping,36.91083145,-76.12958527,46667,3/7/2025,Standard Class,1 day(s) early,147
2,4,advance shipping,21.32156754,-157.8721771,31211,4/2/2016,Standard Class,2 day(s) early,148
3,4,advance shipping,18.22725487,-66.37063599,42777,3/7/2025,Standard Class,1 day(s) early,149
2,4,advance shipping,34.12594605,-118.2910156,67046,9/7/2017,Standard Class,2 day(s) early,150
4,4,shipping on time,35.18754196,-101.8676224,20773,11/4/2015,Standard Class,On Time,151
2,4,advance shipping,41.3469696,-81.82631683,30966,3/7/2025,Standard Class,2 day(s) early,152
2,4,advance shipping,33.18587494,-117.3658524,42101,9/8/2016,Standard Class,2 day(s) early,153
4,4,shipping on time,29.69653702,-95.6459198,5893,4/1/2015,Standard Class,On Time,154
4,4,shipping on time,32.71303558,-96.69631958,18448,10/1/2015,Standard Class,On Time,155
3,4,advance shipping,47.30304337,-122.3528137,47002,3/7/2025,Standard Class,1 day(s) early,156
4,4,shipping canceled,40.24931717,-75.25538635,47493,3/7/2025,Standard Class,On Time,157
3,4,advance shipping,33.71007919,-84.11247253,27957,3/7/2025,Standard Class,1 day(s) early,158
4,4,shipping on time,42.13397598,-87.98233032,31018,4/1/2016,Standard Class,On Time,159
2,2,shipping on time,18.20111656,-66.37059021,5991,3/7/2025,Second Class,On Time,160
2,2,shipping on time,18.27530479,-66.37059784,16446,3/7/2025,Second Class,On Time,161
2,2,shipping on time,18.23197174,-66.37056732,66351,3/7/2025,Second Class,On Time,162
2,4,advance shipping,40.41231918,-104.6923523,25606,1/11/2016,Standard Class,2 day(s) early,163
2,2,shipping on time,18.23557282,-66.3706131,45461,3/7/2025,Second Class,On Time,164
4,4,shipping on time,40.60237885,-73.95497131,22988,12/6/2015,Standard Class,On Time,165
2,4,advance shipping,18.25534058,-66.37050629,8636,5/9/2015,Standard Class,2 day(s) early,166
3,4,advance shipping,18.27308464,-66.37060547,57152,3/7/2025,Standard Class,1 day(s) early,167
3,4,advance shipping,33.62104797,-117.6759186,27357,2/7/2016,Standard Class,1 day(s) early,168
2,4,advance shipping,41.8728714,-87.71582031,45126,3/7/2025,Standard Class,2 day(s) early,169
3,4,advance shipping,34.01161575,-117.7281189,27457,2/8/2016,Standard Class,1 day(s) early,170
4,4,shipping canceled,18.28247643,-66.3706131,24453,3/7/2025,Standard Class,On Time,171
3,4,advance shipping,38.02914047,-121.8859177,13907,3/7/2025,Standard Class,1 day(s) early,172
3,4,advance shipping,36.93397141,-121.7434616,64222,3/7/2025,Standard Class,1 day(s) early,173
2,4,shipping canceled,33.47337341,-112.1697769,62786,7/7/2017,Standard Class,2 day(s) early,174
3,4,advance shipping,18.26036263,-66.37050629,8847,3/7/2025,Standard Class,1 day(s) early,175
2,4,advance shipping,18.28800392,-66.37052155,55636,3/7/2025,Standard Class,2 day(s) early,176
3,4,advance shipping,35.30461502,-119.0659714,66702,9/3/2017,Standard Class,1 day(s) early,177
4,4,shipping on time,18.20542717,-66.37052918,21193,11/10/2015,Standard Class,On Time,178
4,4,shipping on time,33.22548676,-117.3070679,58623,5/9/2017,Standard Class,On Time,179
2,4,advance shipping,18.28375816,-66.37057495,43561,3/7/2025,Standard Class,2 day(s) early,180
4,4,shipping on time,18.25333214,-66.37051392,973,3/7/2025,Standard Class,On Time,181
2,2,shipping on time,18.2689991,-66.37049866,44046,10/6/2016,Second Class,On Time,182
2,4,advance shipping,18.20970345,-66.37059021,23886,3/7/2025,Standard Class,2 day(s) early,183
4,4,shipping on time,33.41519928,-111.9199905,16218,3/7/2025,Standard Class,On Time,184
3,4,advance shipping,41.74866486,-87.66320038,21522,3/7/2025,Standard Class,1 day(s) early,185
4,4,shipping canceled,18.24739647,-66.37052918,9063,3/7/2025,Standard Class,On Time,186
4,4,shipping on time,40.86649323,-111.8493271,42353,3/7/2025,Standard Class,On Time,187
2,4,advance shipping,18.27515984,-66.37052918,53576,3/7/2025,Standard Class,2 day(s) early,188
2,4,advance shipping,33.8371048,-118.1900482,43266,3/7/2025,Standard Class,2 day(s) early,189
2,4,advance shipping,18.20988464,-66.37062073,45646,3/7/2025,Standard Class,2 day(s) early,190
2,4,advance shipping,18.25733376,-66.3706131,59301,3/7/2025,Standard Class,2 day(s) early,191
2,4,advance shipping,34.09960938,-118.3507385,53231,3/7/2025,Standard Class,2 day(s) early,192
4,4,shipping on time,29.7805748,-95.17199707,48713,3/7/2025,Standard Class,On Time,193
2,4,advance shipping,34.03212357,-84.51288605,42971,3/7/2025,Standard Class,2 day(s) early,194
2,4,advance shipping,18.20737648,-66.37055206,55876,3/7/2025,Standard Class,2 day(s) early,195
5,4,shipping canceled,43.78569031,-88.47438049,43599,10/3/2016,Standard Class,1 day(s) late,196
3,4,advance shipping,41.88341522,-88.19973755,21267,11/10/2015,Standard Class,1 day(s) early,197
2,4,advance shipping,29.76576996,-95.37227631,44316,10/10/2016,Standard Class,2 day(s) early,198
5,4,shipping canceled,21.33713913,-158.0259857,48954,3/7/2025,Standard Class,1 day(s) late,199
2,4,advance shipping,26.0984993,-80.27095032,45506,3/7/2025,Standard Class,2 day(s) early,200
4,4,shipping canceled,39.3985405,-84.55661774,17363,3/7/2025,Standard Class,On Time,201
2,2,shipping on time,18.23424339,-66.3706131,24661,3/7/2025,Second Class,On Time,202
4,4,shipping on time,29.86195946,-95.64417267,19178,10/11/2015,Standard Class,On Time,203
2,4,advance shipping,34.09960938,-118.3507385,49936,3/7/2025,Standard Class,2 day(s) early,204
4,4,shipping on time,28.08681297,-82.43898773,25163,1/7/2016,Standard Class,On Time,205
3,4,advance shipping,38.98765183,-76.98097229,21697,3/7/2025,Standard Class,1 day(s) early,206
5,4,shipping canceled,33.87593842,-118.0005798,13939,3/7/2025,Standard Class,1 day(s) late,207
4,4,shipping canceled,33.3060379,-111.8926315,25688,3/7/2025,Standard Class,On Time,208
2,4,advance shipping,25.77437019,-80.19377899,67866,3/7/2025,Standard Class,2 day(s) early,209
4,4,shipping on time,41.99694061,-72.59446716,16098,3/7/2025,Standard Class,On Time,210
4,4,shipping on time,18.23957062,-66.3706131,2428,2/9/2015,Standard Class,On Time,211
2,4,advance shipping,42.07463837,-76.1240387,16436,3/7/2025,Standard Class,2 day(s) early,212
4,4,shipping on time,40.82476044,-73.94992065,5528,3/7/2025,Standard Class,On Time,213
2,4,advance shipping,18.22048569,-66.3706131,47846,12/1/2016,Standard Class,2 day(s) early,214
3,4,advance shipping,40.84625626,-73.84725189,23267,12/9/2015,Standard Class,1 day(s) early,215
3,4,advance shipping,32.84292221,-97.22615814,25847,3/7/2025,Standard Class,1 day(s) early,216
4,4,shipping on time,42.43708038,-76.48168945,17368,3/7/2025,Standard Class,On Time,217
2,4,shipping canceled,43.21662521,-75.45603943,42331,9/11/2016,Standard Class,2 day(s) early,218
3,4,advance shipping,43.02910233,-78.87342072,50377,1/8/2017,Standard Class,1 day(s) early,219
3,4,advance shipping,40.70798492,-73.78303528,19732,3/7/2025,Standard Class,1 day(s) early,220
2,2,shipping on time,18.27504158,-66.37062836,15766,3/7/2025,Second Class,On Time,221
4,4,shipping on time,34.06832504,-117.6557541,42828,3/7/2025,Standard Class,On Time,222
2,4,advance shipping,18.21478081,-66.37056732,23156,12/7/2015,Standard Class,2 day(s) early,223
2,4,advance shipping,33.78982544,-118.1819992,47731,3/7/2025,Standard Class,2 day(s) early,224
3,4,advance shipping,40.60237885,-73.95497131,65312,3/7/2025,Standard Class,1 day(s) early,225
5,4,shipping canceled,39.32382965,-84.46369171,45339,3/7/2025,Standard Class,1 day(s) late,226
4,4,shipping on time,18.27920532,-66.37055206,52478,2/9/2017,Standard Class,On Time,227
2,4,advance shipping,36.94200516,-76.24208069,22261,3/7/2025,Standard Class,2 day(s) early,228
2,4,advance shipping,18.27444458,-66.37059021,21196,11/8/2015,Standard Class,2 day(s) early,229
2,2,shipping on time,18.2505703,-66.37058258,52576,2/8/2017,Second Class,On Time,230
3,4,advance shipping,33.66559982,-117.8830566,62237,3/7/2025,Standard Class,1 day(s) early,231
4,4,shipping on time,34.04621506,-118.1860352,24548,3/7/2025,Standard Class,On Time,232
3,4,advance shipping,39.94662857,-75.21822357,30712,3/7/2025,Standard Class,1 day(s) early,233
2,4,shipping canceled,40.75481033,-74.1746521,1756,3/7/2025,Standard Class,2 day(s) early,234
4,4,shipping on time,32.52082825,-84.88657379,49888,1/2/2017,Standard Class,On Time,235
3,4,advance shipping,41.55160904,-88.12562561,21407,11/12/2015,Standard Class,1 day(s) early,236
2,4,advance shipping,33.64226151,-117.9133224,21906,3/7/2025,Standard Class,2 day(s) early,237
2,2,shipping on time,18.24979973,-66.37058258,45746,3/7/2025,Second Class,On Time,238
2,4,advance shipping,38.49541855,-121.479187,906,3/7/2025,Standard Class,2 day(s) early,239
4,4,shipping on time,41.50205994,-74.01177216,29993,3/7/2025,Standard Class,On Time,240
4,4,shipping on time,18.22776032,-66.37059021,56448,4/7/2017,Standard Class,On Time,241
3,4,advance shipping,35.75965881,-86.26461029,56222,4/3/2017,Standard Class,1 day(s) early,242
3,4,advance shipping,40.70602036,-74.08685303,44677,3/7/2025,Standard Class,1 day(s) early,243
2,4,advance shipping,42.11048508,-88.08236694,6776,4/11/2015,Standard Class,2 day(s) early,244
2,4,advance shipping,28.48579979,-81.30467224,67331,9/11/2017,Standard Class,2 day(s) early,245
6,4,shipping canceled,41.85577774,-88.00856781,44265,3/7/2025,Standard Class,2 day(s) late,246
3,4,advance shipping,18.29062271,-66.3706131,3527,3/7/2025,Standard Class,1 day(s) early,247
2,4,advance shipping,18.23312187,-66.37059021,55336,3/7/2025,Standard Class,2 day(s) early,248
3,4,advance shipping,34.06787491,-117.9273758,55002,3/7/2025,Standard Class,1 day(s) early,249
4,4,shipping on time,33.97483063,-118.1829376,46863,3/7/2025,Standard Class,On Time,250
4,4,shipping on time,34.31019974,-118.4530792,54488,3/10/2017,Standard Class,On Time,251
3,4,advance shipping,29.45598984,-98.52809143,46827,3/7/2025,Standard Class,1 day(s) early,252
4,4,shipping on time,33.9031601,-117.9898758,16863,9/8/2015,Standard Class,On Time,253
2,2,shipping on time,18.20493317,-66.37052155,51226,3/7/2025,Second Class,On Time,254
4,4,shipping canceled,41.50205994,-74.01177216,49218,3/7/2025,Standard Class,On Time,255
4,4,shipping on time,18.25289154,-66.37058258,2203,2/6/2015,Standard Class,On Time,256
4,4,shipping on time,39.64605331,-86.11961365,44938,3/7/2025,Standard Class,On Time,257
2,4,advance shipping,21.30562019,-157.8386993,26821,3/7/2025,Standard Class,2 day(s) early,258
3,4,advance shipping,35.0965271,-90.06786346,47917,12/3/2016,Standard Class,1 day(s) early,259
3,4,advance shipping,18.20005035,-67.14024353,54572,3/10/2017,Standard Class,1 day(s) early,260
2,4,advance shipping,35.60034943,-77.33486939,41686,9/2/2016,Standard Class,2 day(s) early,261
2,4,shipping canceled,39.27096558,-84.272995,10276,6/1/2015,Standard Class,2 day(s) early,262
2,4,advance shipping,26.01622772,-97.55728912,45291,3/7/2025,Standard Class,2 day(s) early,263
4,4,shipping on time,40.64059448,-73.97518921,42783,3/7/2025,Standard Class,On Time,264
2,4,advance shipping,39.13689041,-76.62719727,26861,3/7/2025,Standard Class,2 day(s) early,265
4,4,shipping on time,40.85889053,-73.93106842,28568,3/7/2025,Standard Class,On Time,266
2,4,advance shipping,40.03775024,-75.06806183,46416,11/10/2016,Standard Class,2 day(s) early,267
2,4,advance shipping,18.26959801,-66.37054443,9331,3/7/2025,Standard Class,2 day(s) early,268
4,4,shipping canceled,32.8013916,-97.3302536,51168,3/7/2025,Standard Class,On Time,269
4,4,shipping on time,34.0816536,-118.1783524,63843,3/7/2025,Standard Class,On Time,270
2,2,shipping on time,18.24366379,-66.37059021,66411,3/7/2025,Second Class,On Time,271
4,4,shipping on time,32.74953461,-117.1046524,24063,3/7/2025,Standard Class,On Time,272
3,4,advance shipping,18.24105072,-66.37055969,4427,3/9/2015,Standard Class,1 day(s) early,273
3,4,advance shipping,18.1501503,-65.82595062,60567,6/6/2017,Standard Class,1 day(s) early,274
4,4,shipping on time,38.69002152,-90.14477539,42023,9/9/2016,Standard Class,On Time,275
3,4,advance shipping,18.24496079,-66.3705368,3137,3/7/2025,Standard Class,1 day(s) early,276
3,4,advance shipping,29.46007919,-98.52754211,45027,3/7/2025,Standard Class,1 day(s) early,277
4,4,shipping on time,40.03124619,-75.18191528,50628,3/7/2025,Standard Class,On Time,278
3,4,advance shipping,39.80402374,-76.97429657,30267,3/7/2025,Standard Class,1 day(s) early,279
4,4,shipping on time,40.1901207,-105.1010666,24878,1/3/2016,Standard Class,On Time,280
2,4,advance shipping,38.91826248,-77.03946686,53586,3/7/2025,Standard Class,2 day(s) early,281
3,4,advance shipping,42.5804596,-83.15601349,67037,9/8/2017,Standard Class,1 day(s) early,282
4,4,shipping on time,41.3469696,-81.82631683,24558,3/7/2025,Standard Class,On Time,283
3,4,advance shipping,37.67551041,-122.0496826,367,1/9/2015,Standard Class,1 day(s) early,284
6,4,shipping canceled,33.21121979,-117.2510605,41345,9/1/2016,Standard Class,2 day(s) late,285
4,4,shipping on time,41.48426819,-81.5922699,59498,3/7/2025,Standard Class,On Time,286
4,4,shipping on time,37.67551041,-122.0496826,47938,12/4/2016,Standard Class,On Time,287
2,4,advance shipping,36.85530472,-76.1946106,63516,3/7/2025,Standard Class,2 day(s) early,288
2,4,advance shipping,40.66577148,-73.89246368,46401,11/10/2016,Standard Class,2 day(s) early,289
4,4,shipping on time,37.37883377,-121.8303375,65898,3/7/2025,Standard Class,On Time,290
2,4,advance shipping,18.22487068,-66.37052155,57106,3/7/2025,Standard Class,2 day(s) early,291
3,4,advance shipping,25.89801979,-80.24020386,5712,3/7/2025,Standard Class,1 day(s) early,292
4,4,shipping on time,41.36125946,-82.11012268,23878,3/7/2025,Standard Class,On Time,293
3,4,advance shipping,18.20371819,-66.37052155,21192,11/9/2015,Standard Class,1 day(s) early,294
2,4,advance shipping,40.21145248,-77.0072937,43521,3/7/2025,Standard Class,2 day(s) early,295
3,4,advance shipping,38.6803894,-120.9727783,29107,3/3/2016,Standard Class,1 day(s) early,296
4,4,shipping canceled,40.73928452,-73.99893189,52533,2/9/2017,Standard Class,On Time,297
2,4,advance shipping,41.23169327,-81.84801483,44706,3/7/2025,Standard Class,2 day(s) early,298
4,4,shipping on time,43.8122406,-91.24485779,63803,3/7/2025,Standard Class,On Time,299
3,4,shipping canceled,40.66544724,-73.94540405,2332,2/7/2015,Standard Class,1 day(s) early,300
4,4,shipping on time,18.24677658,-66.37056732,26073,3/7/2025,Standard Class,On Time,301
2,4,advance shipping,45.78831101,-108.5594101,21971,3/7/2025,Standard Class,2 day(s) early,302
4,4,shipping on time,34.0086174,-117.7501831,50588,1/12/2017,Standard Class,On Time,303
2,4,shipping canceled,40.74210739,-73.86962128,34506,3/7/2025,Standard Class,2 day(s) early,304
3,4,advance shipping,18.28453636,-66.37060547,60127,3/7/2025,Standard Class,1 day(s) early,305
2,4,advance shipping,18.22028542,-66.37062836,50226,1/5/2017,Standard Class,2 day(s) early,306
4,4,shipping on time,39.49591446,-98.98998261,24118,3/7/2025,Standard Class,On Time,307
2,2,shipping on time,18.2988205,-66.37059784,62571,7/4/2017,Second Class,On Time,308
3,4,advance shipping,33.4926796,-112.2088623,42287,9/12/2016,Standard Class,1 day(s) early,309
2,4,advance shipping,40.33852005,-80.1289444,62336,3/7/2025,Standard Class,2 day(s) early,310
2,2,shipping on time,18.24496269,-66.37059021,11321,3/7/2025,Second Class,On Time,311
3,4,shipping canceled,40.66577148,-73.89246368,45987,11/5/2016,Standard Class,1 day(s) early,312
6,4,shipping canceled,18.22939873,-66.37059784,60460,6/7/2017,Standard Class,2 day(s) late,313
4,4,shipping on time,35.21362686,-89.82608032,66998,9/9/2017,Standard Class,On Time,314
3,4,shipping canceled,18.20134735,-66.37060547,27742,2/12/2016,Standard Class,1 day(s) early,315
4,4,shipping on time,18.23152924,-66.37050629,8728,5/12/2015,Standard Class,On Time,316
4,4,shipping on time,34.26791382,-118.6712112,22468,3/7/2025,Standard Class,On Time,317
3,4,advance shipping,18.29685593,-66.37057495,47092,3/7/2025,Standard Class,1 day(s) early,318
2,4,advance shipping,18.22190094,-66.37052155,60146,3/7/2025,Standard Class,2 day(s) early,319
2,4,advance shipping,18.22172546,-66.37059021,60386,6/2/2017,Standard Class,2 day(s) early,320
3,4,advance shipping,37.3288765,-121.8501511,52582,2/9/2017,Standard Class,1 day(s) early,321
2,2,shipping on time,18.24115372,-66.37056732,49521,3/7/2025,Second Class,On Time,322
4,4,shipping on time,31.65174103,-106.2676239,30063,3/7/2025,Standard Class,On Time,323
4,4,shipping on time,39.42603684,-75.23985291,52353,2/7/2017,Standard Class,On Time,324
3,4,advance shipping,34.64638138,-120.4619675,67292,9/12/2017,Standard Class,1 day(s) early,325
2,4,shipping canceled,18.44484711,-66.38641357,58896,5/11/2017,Standard Class,2 day(s) early,326
2,2,shipping on time,18.27383804,-66.37063599,45766,11/1/2016,Second Class,On Time,327
4,4,shipping on time,34.26791382,-118.6712112,26183,3/7/2025,Standard Class,On Time,328
6,4,shipping canceled,18.29255867,-66.37062073,31145,4/5/2016,Standard Class,2 day(s) late,329
4,4,shipping on time,39.74662018,-104.8164368,19333,3/7/2025,Standard Class,On Time,330
4,4,shipping on time,41.6280365,-70.92701721,67818,3/7/2025,Standard Class,On Time,331
4,4,shipping on time,33.41519928,-111.9199905,47193,3/7/2025,Standard Class,On Time,332
6,4,shipping canceled,41.89535523,-87.72576141,62840,7/12/2017,Standard Class,2 day(s) late,333
3,4,advance shipping,26.20558739,-98.23548889,27207,2/5/2016,Standard Class,1 day(s) early,334
2,4,shipping canceled,32.96593094,-96.84902191,37496,7/3/2016,Standard Class,2 day(s) early,335
3,4,advance shipping,40.56678009,-74.11734772,41572,9/1/2016,Standard Class,1 day(s) early,336
4,4,shipping on time,32.77627945,-117.1342163,28168,3/7/2025,Standard Class,On Time,337
3,4,advance shipping,18.23168373,-66.37059784,57032,3/7/2025,Standard Class,1 day(s) early,338
2,4,advance shipping,32.7794342,-117.1718597,45036,3/7/2025,Standard Class,2 day(s) early,339
2,4,advance shipping,39.98654556,-75.1084671,10586,6/6/2015,Standard Class,2 day(s) early,340
3,4,advance shipping,33.53858185,-112.1873779,16767,9/5/2015,Standard Class,1 day(s) early,341
2,4,advance shipping,18.27331543,-66.37060547,53331,3/7/2025,Standard Class,2 day(s) early,342
2,4,advance shipping,29.9740696,-90.087883,26871,3/7/2025,Standard Class,2 day(s) early,343
4,4,shipping on time,35.57210541,-120.9117966,43468,3/7/2025,Standard Class,On Time,344
4,4,shipping on time,36.19946671,-115.1088638,17228,3/7/2025,Standard Class,On Time,345
4,4,shipping on time,28.62217712,-81.20755768,45088,3/7/2025,Standard Class,On Time,346
2,4,advance shipping,39.49591446,-98.98998261,21966,3/7/2025,Standard Class,2 day(s) early,347
3,4,advance shipping,18.05199051,-66.50184631,59387,3/7/2025,Standard Class,1 day(s) early,348
3,4,advance shipping,44.0263443,-123.0935287,17467,3/7/2025,Standard Class,1 day(s) early,349
4,4,shipping canceled,39.13785553,-76.81587219,13298,3/7/2025,Standard Class,On Time,350
3,4,advance shipping,21.40107918,-157.7463837,21197,11/9/2015,Standard Class,1 day(s) early,351
5,4,shipping canceled,40.73124313,-73.98880768,66764,9/6/2017,Standard Class,1 day(s) late,352
2,4,advance shipping,40.7615242,-74.03826904,10856,6/10/2015,Standard Class,2 day(s) early,353
2,4,advance shipping,41.89614868,-87.67932892,13991,3/7/2025,Standard Class,2 day(s) early,354
4,4,shipping on time,45.5898819,-122.7153473,12393,7/4/2015,Standard Class,On Time,355
3,4,advance shipping,18.23215866,-66.37059021,61192,3/7/2025,Standard Class,1 day(s) early,356
2,4,advance shipping,33.79319763,-118.1895294,49916,3/7/2025,Standard Class,2 day(s) early,357
4,4,shipping on time,35.22186661,-101.8741608,21698,3/7/2025,Standard Class,On Time,358
2,4,advance shipping,30.35342217,-81.51309204,41591,9/1/2016,Standard Class,2 day(s) early,359
4,4,shipping on time,38.77223587,-97.61299133,30658,3/7/2025,Standard Class,On Time,360
2,4,advance shipping,18.22288513,-66.37058258,47011,3/7/2025,Standard Class,2 day(s) early,361
4,4,shipping on time,34.2395134,-119.1972198,13528,3/7/2025,Standard Class,On Time,362
4,4,shipping on time,32.79521942,-117.2376556,18213,3/7/2025,Standard Class,On Time,363
4,4,shipping on time,35.06517029,-106.6699524,46073,11/7/2016,Standard Class,On Time,364
3,4,advance shipping,34.26494217,-119.218605,2937,3/7/2025,Standard Class,1 day(s) early,365
5,4,shipping canceled,40.63687897,-73.94221497,10014,6/1/2015,Standard Class,1 day(s) late,366
3,4,advance shipping,38.49541855,-121.479187,42152,9/10/2016,Standard Class,1 day(s) early,367
2,4,advance shipping,42.45111084,-73.25260162,26036,3/7/2025,Standard Class,2 day(s) early,368
3,4,advance shipping,41.95851135,-70.66861725,23767,3/7/2025,Standard Class,1 day(s) early,369
4,4,shipping canceled,43.97969818,-88.53061676,47743,12/1/2016,Standard Class,On Time,370
4,4,shipping canceled,21.31185532,-158.0046844,38598,3/7/2025,Standard Class,On Time,371
3,4,shipping canceled,40.82476044,-73.94992065,19642,3/7/2025,Standard Class,1 day(s) early,372
3,4,advance shipping,18.26016426,-66.37059021,52562,2/9/2017,Standard Class,1 day(s) early,373
4,4,shipping on time,18.28128624,-66.37050629,8678,5/11/2015,Standard Class,On Time,374
4,4,shipping on time,30.0380249,-90.25691986,67028,9/9/2017,Standard Class,On Time,375
5,4,shipping canceled,18.23075676,-66.37062073,61419,3/7/2025,Standard Class,1 day(s) late,376
4,4,shipping on time,35.93829727,-118.9438477,27918,3/7/2025,Standard Class,On Time,377
4,4,shipping on time,18.2261982,-66.37054443,8123,5/3/2015,Standard Class,On Time,378
2,4,advance shipping,18.20209312,-66.37058258,1386,3/7/2025,Standard Class,2 day(s) early,379
2,2,shipping on time,18.29944229,-66.37052155,63936,3/7/2025,Second Class,On Time,380
2,2,shipping on time,18.24774361,-66.37059784,51911,3/7/2025,Second Class,On Time,381
2,4,advance shipping,35.3078804,-119.2523956,41676,9/2/2016,Standard Class,2 day(s) early,382
3,4,advance shipping,34.69703293,-118.0883026,17347,3/7/2025,Standard Class,1 day(s) early,383
6,4,shipping canceled,38.48671341,-121.459343,16590,9/6/2015,Standard Class,2 day(s) late,384
4,4,shipping on time,18.2421093,-66.37052155,25418,1/11/2016,Standard Class,On Time,385
3,4,advance shipping,33.04647064,-117.2896729,63992,3/7/2025,Standard Class,1 day(s) early,386
2,4,advance shipping,45.44815064,-122.7694931,62306,3/7/2025,Standard Class,2 day(s) early,387
2,4,advance shipping,18.28333664,-66.3705368,20931,11/4/2015,Standard Class,2 day(s) early,388
3,4,advance shipping,34.04558563,-118.2479172,22612,3/7/2025,Standard Class,1 day(s) early,389
2,4,advance shipping,37.36024094,-121.8450699,10451,6/4/2015,Standard Class,2 day(s) early,390
4,4,shipping on time,33.9598465,-118.3780823,50688,3/7/2025,Standard Class,On Time,391
4,4,shipping on time,25.94878006,-80.28707886,60868,6/11/2017,Standard Class,On Time,392
4,4,shipping on time,18.28339195,-66.37051392,3828,3/1/2015,Standard Class,On Time,393
3,4,advance shipping,18.29089546,-66.37055206,1797,3/7/2025,Standard Class,1 day(s) early,394
2,2,shipping on time,18.28616905,-66.37050629,14651,8/4/2015,Second Class,On Time,395
3,4,advance shipping,38.11615372,-121.3949966,24752,3/7/2025,Standard Class,1 day(s) early,396
4,4,shipping on time,38.97014999,-76.9909668,30323,3/7/2025,Standard Class,On Time,397
2,4,advance shipping,33.75820923,-118.0019073,29746,3/12/2016,Standard Class,2 day(s) early,398
4,4,shipping on time,42.39807892,-83.20157623,27478,2/10/2016,Standard Class,On Time,399
4,4,shipping on time,43.09559631,-89.35118866,21868,3/7/2025,Standard Class,On Time,400
5,4,shipping canceled,33.95993424,-118.3780823,64274,8/1/2017,Standard Class,1 day(s) late,401
4,4,shipping on time,18.24063492,-66.37050629,21973,3/7/2025,Standard Class,On Time,402
3,4,advance shipping,26.11803436,-80.18949127,21907,3/7/2025,Standard Class,1 day(s) early,403
2,4,advance shipping,40.64059448,-73.97518921,54446,3/7/2017,Standard Class,2 day(s) early,404
2,4,advance shipping,41.8947525,-87.74337769,23211,12/7/2015,Standard Class,2 day(s) early,405
4,4,shipping on time,18.2150116,-66.37063599,10113,6/1/2015,Standard Class,On Time,406
2,4,advance shipping,30.49767876,-84.23183441,44301,10/10/2016,Standard Class,2 day(s) early,407
4,4,shipping on time,36.31933212,-119.2960815,49763,3/7/2025,Standard Class,On Time,408
2,2,shipping on time,18.23684692,-66.37060547,17071,9/9/2015,Second Class,On Time,409
4,4,shipping canceled,40.2372818,-76.96795654,41623,9/3/2016,Standard Class,On Time,410
2,4,advance shipping,34.07656479,-117.61409,42751,3/7/2025,Standard Class,2 day(s) early,411
3,4,advance shipping,42.17575073,-88.32157135,46062,11/6/2016,Standard Class,1 day(s) early,412
2,4,advance shipping,18.20732117,-66.37050629,51746,3/7/2025,Standard Class,2 day(s) early,413
3,4,advance shipping,41.95346451,-87.73246002,63512,3/7/2025,Standard Class,1 day(s) early,414
2,2,shipping on time,18.29184341,-66.03704834,69471,3/7/2025,Second Class,On Time,415
2,2,shipping on time,18.25508499,-66.03705597,69626,3/7/2025,Second Class,On Time,416
2,2,shipping on time,18.23524284,-66.03705597,69641,3/7/2025,Second Class,On Time,417
2,2,shipping on time,18.29532433,-66.03705597,71051,11/5/2017,Second Class,On Time,418
2,2,shipping on time,18.27635384,-66.03704834,71271,11/8/2017,Second Class,On Time,419
3,4,advance shipping,36.24799728,-115.0415192,72442,3/7/2025,Standard Class,1 day(s) early,420
4,4,shipping on time,26.11927223,-80.18818665,72458,3/7/2025,Standard Class,On Time,421
4,4,shipping on time,26.21472931,-80.23004913,72533,3/7/2025,Standard Class,On Time,422
2,4,advance shipping,37.01370621,-121.5893478,73221,12/6/2017,Standard Class,2 day(s) early,423
4,4,shipping on time,29.66958237,-95.24147034,73893,3/7/2025,Standard Class,On Time,424
2,4,advance shipping,41.50205994,-74.01177216,73906,3/7/2025,Standard Class,2 day(s) early,425
4,4,shipping on time,37.44713593,-121.9091797,74193,3/7/2025,Standard Class,On Time,426
2,4,advance shipping,41.52561569,-88.40119934,74451,3/7/2025,Standard Class,2 day(s) early,427
4,4,shipping on time,37.32554245,-121.7993469,74723,3/7/2025,Standard Class,On Time,428
2,4,advance shipping,40.74559021,-73.97927856,74796,3/7/2025,Standard Class,2 day(s) early,429
5,2,shipping canceled,39.44261551,-84.4282074,75729,3/7/2025,Second Class,3 day(s) late,430
2,4,advance shipping,40.68805313,-73.82411957,75731,1/12/2018,Standard Class,2 day(s) early,431
3,4,advance shipping,18.25230408,-66.03705597,75732,3/7/2025,Standard Class,1 day(s) early,432
2,4,advance shipping,18.25956154,-66.0370636,75736,1/12/2018,Standard Class,2 day(s) early,433
3,4,advance shipping,38.42340851,-77.40523529,75737,3/7/2025,Standard Class,1 day(s) early,434
4,4,shipping on time,42.34844208,-83.43744659,75738,3/7/2025,Standard Class,On Time,435
2,4,advance shipping,41.9041214,-87.71240997,75741,1/12/2018,Standard Class,2 day(s) early,436
3,4,shipping canceled,33.83805847,-117.9110107,75742,3/7/2025,Standard Class,1 day(s) early,437
4,4,shipping on time,25.74022484,-80.36169434,75743,3/7/2025,Standard Class,On Time,438
2,4,advance shipping,33.77279663,-117.8358154,75746,1/12/2018,Standard Class,2 day(s) early,439
5,4,shipping canceled,33.97934723,-118.2500534,75749,3/7/2025,Standard Class,1 day(s) late,440
2,4,advance shipping,18.26363182,-66.03704834,75751,1/12/2018,Standard Class,2 day(s) early,441
3,4,advance shipping,21.41267014,-157.997879,75752,3/7/2025,Standard Class,1 day(s) early,442
2,4,advance shipping,18.2222786,-66.03705597,75756,1/12/2018,Standard Class,2 day(s) early,443
3,4,advance shipping,18.46923065,-66.727211,75757,3/7/2025,Standard Class,1 day(s) early,444
2,2,shipping on time,34.2707634,-118.7822266,75761,1/12/2018,Second Class,On Time,445
2,4,advance shipping,40.85889053,-73.93106842,75766,1/12/2018,Standard Class,2 day(s) early,446
3,4,advance shipping,18.20436859,-66.0370636,75767,3/7/2025,Standard Class,1 day(s) early,447
4,4,shipping on time,40.74015808,-73.84850311,75768,3/7/2025,Standard Class,On Time,448
0,0,shipping on time,25.92748261,-97.48326111,75771,1/11/2018,Same Day,On Time,449
6,4,shipping canceled,21.343153,-157.906601,75780,3/7/2025,Standard Class,2 day(s) late,450
2,4,advance shipping,18.22156715,-66.03704834,75781,3/7/2025,Standard Class,2 day(s) early,451
3,4,advance shipping,33.89164734,-118.299408,75782,3/7/2025,Standard Class,1 day(s) early,452
4,4,shipping on time,36.94937897,-76.24703217,75783,3/7/2025,Standard Class,On Time,453
2,2,shipping on time,42.00019074,-72.59646606,75791,3/7/2025,Second Class,On Time,454
3,4,advance shipping,18.23845291,-66.03705597,75792,3/7/2025,Standard Class,1 day(s) early,455
4,4,shipping on time,39.83699036,-86.01907349,75793,3/7/2025,Standard Class,On Time,456
2,2,shipping on time,28.10211754,-82.51211548,75796,3/7/2025,Second Class,On Time,457
3,4,advance shipping,18.26687813,-66.03705597,75797,3/7/2025,Standard Class,1 day(s) early,458
4,4,shipping on time,21.343153,-157.906601,75798,3/7/2025,Standard Class,On Time,459
1,0,shipping canceled,18.29039574,-66.03705597,75802,1/12/2018,Same Day,1 day(s) late,460
2,4,advance shipping,40.76861954,-73.90949249,75816,3/7/2025,Standard Class,2 day(s) early,461
3,4,advance shipping,18.26331902,-66.03705597,75817,3/7/2025,Standard Class,1 day(s) early,462
4,4,shipping on time,40.68703461,-73.62446594,75818,3/7/2025,Standard Class,On Time,463
2,4,advance shipping,18.25214958,-66.03705597,75821,3/7/2025,Standard Class,2 day(s) early,464
3,4,advance shipping,34.07363892,-117.7083511,75822,3/7/2025,Standard Class,1 day(s) early,465
4,4,shipping on time,18.21950722,-66.03704834,75823,3/7/2025,Standard Class,On Time,466
2,4,advance shipping,40.65987396,-112.0028687,75826,3/7/2025,Standard Class,2 day(s) early,467
3,4,advance shipping,18.27984047,-66.03704834,75827,3/7/2025,Standard Class,1 day(s) early,468
4,4,shipping on time,36.0810051,-86.6870575,75828,3/7/2025,Standard Class,On Time,469
2,2,shipping on time,40.64059448,-73.97518921,75836,3/7/2025,Second Class,On Time,470
2,4,advance shipping,34.11436462,-118.192482,75841,3/7/2025,Standard Class,2 day(s) early,471
3,4,advance shipping,33.64875412,-117.6374283,75842,3/7/2025,Standard Class,1 day(s) early,472
2,4,advance shipping,37.32138825,-122.0307388,75846,3/7/2025,Standard Class,2 day(s) early,473
3,2,shipping canceled,34.09960938,-118.3507385,75847,3/7/2025,Second Class,1 day(s) late,474
2,4,advance shipping,18.28108215,-66.03705597,75851,3/7/2025,Standard Class,2 day(s) early,475
3,4,advance shipping,41.47214127,-81.73681641,75852,3/7/2025,Standard Class,1 day(s) early,476
2,2,shipping on time,42.40109634,-82.92513275,75856,3/7/2025,Second Class,On Time,477
3,4,advance shipping,18.29244614,-66.0370636,75857,3/7/2025,Standard Class,1 day(s) early,478
5,4,shipping canceled,18.29883003,-66.0370636,75859,3/7/2025,Standard Class,1 day(s) late,479
2,4,advance shipping,39.68975067,-105.0245895,75861,3/7/2025,Standard Class,2 day(s) early,480
3,4,advance shipping,18.2498951,-66.0370636,75862,3/7/2025,Standard Class,1 day(s) early,481
4,4,shipping on time,40.66080093,-73.92007446,75863,3/7/2025,Standard Class,On Time,482
0,0,shipping on time,42.83187103,-86.07852173,75865,1/12/2018,Same Day,On Time,483
0,0,shipping on time,18.23998261,-66.03705597,75866,1/12/2018,Same Day,On Time,484
0,0,shipping on time,34.02061462,-84.42745972,75867,1/12/2018,Same Day,On Time,485
3,4,advance shipping,18.27690888,-66.03705597,75872,3/7/2025,Standard Class,1 day(s) early,486
4,4,shipping on time,40.86618042,-73.87023926,75873,3/7/2025,Standard Class,On Time,487
2,4,advance shipping,36.91083145,-76.12958527,75876,3/7/2025,Standard Class,2 day(s) early,488
3,4,advance shipping,18.21857071,-66.03705597,75877,3/7/2025,Standard Class,1 day(s) early,489
4,4,shipping on time,33.90219879,-84.15373993,75878,3/7/2025,Standard Class,On Time,490
2,4,advance shipping,18.20355415,-66.03705597,75881,3/7/2025,Standard Class,2 day(s) early,491
3,4,advance shipping,39.14162064,-77.2270813,75882,3/7/2025,Standard Class,1 day(s) early,492
2,4,shipping canceled,33.77395248,-117.9618988,75886,3/7/2025,Standard Class,2 day(s) early,493
3,4,advance shipping,18.25866509,-66.03705597,75887,3/7/2025,Standard Class,1 day(s) early,494
4,4,shipping on time,42.34962845,-71.15328217,75888,3/7/2025,Standard Class,On Time,495
2,4,advance shipping,37.34466934,-122.0356674,75891,3/7/2025,Standard Class,2 day(s) early,496
3,4,advance shipping,18.29136658,-66.03705597,75892,3/7/2025,Standard Class,1 day(s) early,497
4,4,shipping on time,32.753685,-96.86553955,75893,3/7/2025,Standard Class,On Time,498
2,4,advance shipping,37.49027634,-121.9271088,75896,3/7/2025,Standard Class,2 day(s) early,499
3,4,advance shipping,18.24103928,-66.0370636,75897,3/7/2025,Standard Class,1 day(s) early,500
4,4,shipping on time,33.81632614,-84.44550324,75898,3/7/2025,Standard Class,On Time,501
1,0,shipping canceled,39.68188095,-75.64421082,75901,3/7/2025,Same Day,1 day(s) late,502
4,4,shipping on time,18.28713608,-66.03705597,75908,3/7/2025,Standard Class,On Time,503
2,4,advance shipping,33.90942383,-118.1253586,75911,3/7/2025,Standard Class,2 day(s) early,504
3,4,advance shipping,41.86886215,-84.57365418,75912,3/7/2025,Standard Class,1 day(s) early,505
4,4,shipping on time,18.27022362,-66.0370636,75913,3/7/2025,Standard Class,On Time,506
2,2,shipping canceled,45.78831101,-108.5594101,75916,3/7/2025,Second Class,On Time,507
3,2,shipping canceled,18.20733643,-66.03705597,75917,3/7/2025,Second Class,1 day(s) late,508
0,0,shipping on time,33.78245163,-118.1922455,75920,3/7/2025,Same Day,On Time,509
0,0,shipping on time,42.04830551,-87.96134186,75921,3/7/2025,Same Day,On Time,510
6,2,shipping canceled,18.28284454,-66.03705597,75930,3/7/2025,Second Class,4 day(s) late,511
6,4,shipping canceled,43.01396942,-78.87906647,75935,3/7/2025,Standard Class,2 day(s) late,512
2,4,advance shipping,18.25376892,-66.03704834,75936,3/7/2025,Standard Class,2 day(s) early,513
3,4,advance shipping,34.12594605,-118.2910156,75937,3/7/2025,Standard Class,1 day(s) early,514
4,4,shipping on time,37.29223251,-121.881279,75938,3/7/2025,Standard Class,On Time,515
3,4,advance shipping,34.0816536,-118.1783524,76847,3/7/2025,Standard Class,1 day(s) early,516
2,4,advance shipping,33.77366638,-118.0033035,76976,3/7/2025,Standard Class,2 day(s) early,517
3,4,advance shipping,39.31198883,-84.49658966,76992,3/7/2025,Standard Class,1 day(s) early,518
3,4,advance shipping,41.71363831,-81.36167908,77102,2/2/2018,Standard Class,1 day(s) early,519
3,4,advance shipping,18.2514534,-66.03705597,77202,2/3/2018,Standard Class,1 day(s) early,520
